<?xml version="1.0" encoding="UTF-8"?>
<project-private xmlns="http://www.netbeans.org/ns/project-private/1">
    <editor-bookmarks xmlns="http://www.netbeans.org/ns/editor-bookmarks/2" lastBookmarkId="0"/>
    <open-files xmlns="http://www.netbeans.org/ns/projectui-open-files/2">
        <group>
            <file>file:/C:/Users/Josue%20Carrizales/Documents/NetBeansProjects/Practica3-1/src/practica3/pkg1/ICosasTV.java</file>
            <file>file:/C:/Users/Josue%20Carrizales/Documents/NetBeansProjects/Practica3-1/src/practica3/pkg1/IOperacionesAritmeticas.java</file>
            <file>file:/C:/Users/Josue%20Carrizales/Documents/NetBeansProjects/Practica3-1/src/practica3/pkg1/IFunciones.java</file>
            <file>file:/C:/Users/Josue%20Carrizales/Documents/NetBeansProjects/Practica3-1/src/practica3/pkg1/Television.java</file>
            <file>file:/C:/Users/Josue%20Carrizales/Documents/NetBeansProjects/Practica3-1/src/practica3/pkg1/Radio.java</file>
            <file>file:/C:/Users/Josue%20Carrizales/Documents/NetBeansProjects/Practica3-1/src/practica3/pkg1/DispositivoElectronico.java</file>
            <file>file:/C:/Users/Josue%20Carrizales/Documents/NetBeansProjects/Practica3-1/src/practica3/pkg1/Practica31.java</file>
            <file>file:/C:/Users/Josue%20Carrizales/Documents/NetBeansProjects/Practica3-1/src/practica3/pkg1/Calculadora.java</file>
        </group>
    </open-files>
</project-private>
