<?xml version="1.0" encoding="UTF-8"?>
<project-private xmlns="http://www.netbeans.org/ns/project-private/1">
    <editor-bookmarks xmlns="http://www.netbeans.org/ns/editor-bookmarks/2" lastBookmarkId="0"/>
    <open-files xmlns="http://www.netbeans.org/ns/projectui-open-files/2">
        <group>
            <file>file:/C:/Users/Gloria/Documents/Alán%203er%20semestre/Lab.%20POO/LAB%20POO/practica4/src/practica4/Empresa.java</file>
            <file>file:/C:/Users/Gloria/Documents/Alán%203er%20semestre/Lab.%20POO/LAB%20POO/practica4/src/practica4/Contacto.java</file>
            <file>file:/C:/Users/Gloria/Documents/Alán%203er%20semestre/Lab.%20POO/LAB%20POO/practica4/src/practica4/Persona.java</file>
            <file>file:/C:/Users/Gloria/Documents/Alán%203er%20semestre/Lab.%20POO/LAB%20POO/practica4/src/practica4/Practica4.java</file>
        </group>
    </open-files>
</project-private>
